job_id,title,employer_name,city,state,country,is_remote,employment_type,min_salary,max_salary,salary_currency,salary_period,description,apply_link,posted_at_datetime,job_publisher,required_experience,required_skills,required_education,benefits,google_link,expiration_datetime
0K9fqObhaR2Syig2AAAAAA==,Desarrollador De Python - ‚Ç¨55.000 - ‚Ç¨65.000 A Year - Remote,Abalia,Vitoria-Gasteiz,√Ålava,ES,False,A tiempo completo,,,,,"Senior Python Developer (Remote ‚Äì Spain) (Just Spanish Residents) We‚Äôre looking for a Senior Python Developer to join a growing international engineering team. If you‚Äôre passionate about building scalable solutions, enjoy collaborating across disciplines, and want to work with modern technologies in a flexible environment ‚Äî we‚Äôd love to hear from you!",https://es.jobrapido.com/jobpreview/8117555519494815744?utm_campaign=google_jobs_apply&utm_source=google_jobs_apply&utm_medium=organic,,Jobrapido.com,,[],,,https://www.google.com/search?q=jobs&gl=es&hl=es&udm=8#vhid=vt%3D20/docid%3D0K9fqObhaR2Syig2AAAAAA%3D%3D&vssid=jobs-detail-viewer,
EA2JBeycNChTiMGlAAAAAA==,Senior Backend Developer (Python & FastAPI) (100% remote Spain),UST Espa√±a & Latam,Lleida,L√©rida,ES,False,A tiempo completo,,,,,"UST is looking for the very Top Talent...and we would be delighted if you were to join our family! More in details, UST is a multinational company based in North America, certified as a Top Employer and Great Place to Work company with over 35.000 employees all over the world and presence in more than 35 countries. We are leaders on digital technology services, and we provide large-scale technologic solutions to big companies. What are we looking for? We are looking for a Senior Backend Develope...",https://es.jooble.org/jdp/-2969850663305094241?utm_campaign=google_jobs_apply&utm_source=google_jobs_apply&utm_medium=organic,,Jooble,,[],,,https://www.google.com/search?q=jobs&gl=es&hl=es&udm=8#vhid=vt%3D20/docid%3DEA2JBeycNChTiMGlAAAAAA%3D%3D&vssid=jobs-detail-viewer,
2-n34Ood7Y7J6rYVAAAAAA==,Senior AI Developer: Remote (Spain) ‚Äì Python & LangChain,Grupo Digital,Madrid,Madrid,ES,False,Contratista,,,,,"Una consultora tecnol√≥gica busca un desarrollador/a senior para un proyecto innovador en el sector banca. El candidato ideal tendr√° entre 4 y 10 a√±os de experiencia, competencias en Python y frameworks de IA como LangChain y LangGraph, adem√°s de habilidades en microservicios. Se ofrece un salario competitivo, contrato indefinido u opci√≥n mercantil, y la posibilidad de trabajar de forma remota desde Espa√±a. Es un entorno colaborativo, centrado en soluciones complejas y de alto rendimiento. #J-188...",https://es.jobrapido.com/jobpreview/5584796400052338688?utm_campaign=google_jobs_apply&utm_source=google_jobs_apply&utm_medium=organic,,Jobrapido.com,,[],,,https://www.google.com/search?q=jobs&gl=es&hl=es&udm=8#vhid=vt%3D20/docid%3D2-n34Ood7Y7J6rYVAAAAAA%3D%3D&vssid=jobs-detail-viewer,
LHKryfkzTY5PJe9kAAAAAA==,Senior Backend Developer (Python & FastAPI) (100% remote Spain),UST,Madrid,Madrid,ES,False,A tiempo completo,,,,,"Role Description We are looking for the very Top Talent‚Ä¶and we would be delighted if you were to join our team! More in details, UST is a multinational company based in North America, certified as a Top Employer and Great Place to Work company with over 35.000 employees all over the world and presence in more than 35 countries. We are leaders on digital technology services, and we provide large-scale technologic solutions to big companies. What are we looking for? We are looking for a Senior Bac...",https://es.linkedin.com/jobs/view/senior-backend-developer-python-fastapi-100%25-remote-spain-at-ust-4347018804?utm_campaign=google_jobs_apply&utm_source=google_jobs_apply&utm_medium=organic,,LinkedIn,,[],,,https://www.google.com/search?q=jobs&gl=es&hl=es&udm=8#vhid=vt%3D20/docid%3DLHKryfkzTY5PJe9kAAAAAA%3D%3D&vssid=jobs-detail-viewer,
_cllY42w4U9qr7ScAAAAAA==,Desarrollador De Python - Hasta ‚Ç¨55.000 Al A√±o - Remote,Haut.AI,,,,False,A tiempo completo,,,,,"Senior Python Developer (Remote ‚Äì Spain) (Just Spanish Residents) We‚Äôre looking for a Senior Python Developer to join a growing international engineering team. If you‚Äôre passionate about building scalable solutions, enjoy collaborating across disciplines, and want to work with modern technologies in a flexible environment ‚Äî we‚Äôd love to hear from you!",https://es.jobrapido.com/jobpreview/7097477971828539392?utm_campaign=google_jobs_apply&utm_source=google_jobs_apply&utm_medium=organic,,Jobrapido.com,,[],,,https://www.google.com/search?q=jobs&gl=es&hl=es&udm=8#vhid=vt%3D20/docid%3D_cllY42w4U9qr7ScAAAAAA%3D%3D&vssid=jobs-detail-viewer,
5RFKOGqBoFM1j_hBAAAAAA==,Python Developer - 100% Remote (Exclusively for residents of Spain) (Pa√≠s Vasco),Infosernt,,,ES,False,A tiempo completo,,,,,"Infoser NT is hiring: Python Software Engineer We're looking for a talented Python Software Engineer to join our innovative team and help us build scalable, cloud-native solutions. If you're passionate about automation, cloud infrastructure, and DevOps practices, this is your opportunity to make a real impact. Key Responsibilities - Design and maintain reliable, robust, and scalable DevOps platforms for cloud systems and services. - Develop and improve tools for CI/CD, automated testing, and adv...",https://www.jobijoba.es/oferta-empleo/69/79a7dba7e61040575eca86f05970563e?utm_campaign=google_jobs_apply&utm_source=google_jobs_apply&utm_medium=organic,,Jobijoba,,[],,,https://www.google.com/search?q=jobs&gl=es&hl=es&udm=8#vhid=vt%3D20/docid%3D5RFKOGqBoFM1j_hBAAAAAA%3D%3D&vssid=jobs-detail-viewer,
g6GDJLFYbxkL_F8rAAAAAA==,Senior PRODUCT Python Developer (Remote ‚Äì Spain),Matchtech,Vitoria-Gasteiz,√Ålava,ES,False,A tiempo completo,,,,,"Senior PRODUCT Python Developer (Remote ‚Äì Spain) (Just Spanish Residents allowed) Build scalable solutions that power global digital experiences. We‚Äôre looking for a Senior Product Python Developer to join a growing international engineering team. You‚Äôll work in a collaborative, agile environment where innovation, autonomy, and technical excellence are part of the daily culture. If you‚Äôre passionate about designing elegant, scalable systems, love working with modern technologies, and want to con...",https://es.talent.com/view?id=3966119c4367&utm_campaign=google_jobs_apply&utm_source=google_jobs_apply&utm_medium=organic,,Talent.com,,[],,,https://www.google.com/search?q=jobs&gl=es&hl=es&udm=8#vhid=vt%3D20/docid%3Dg6GDJLFYbxkL_F8rAAAAAA%3D%3D&vssid=jobs-detail-viewer,
U0kogCCENpfEGDPAAAAAAA==,Senior Backend Developer (Python & FastAPI) (100% remote Spain),UST Espa√±a & Latam,"Cequeli√±os, Arbo",Pontevedra,ES,False,A tiempo completo,,,,,"üöÄ UST is looking for the very Top Talent‚Ä¶and we would be delighted if you were to join our family! More in details, UST is a multinational company based in North America, certified as a Top Employer and Great Place to Work company with over 35.000 employees all over the world and presence in more than 35 countries. We are leaders on digital technology services, and we provide large-scale technologic solutions to big companies. üîé What are we looking for? We are looking for a Senior Backend Develo...",https://es.jooble.org/jdp/5229730551049224583?utm_campaign=google_jobs_apply&utm_source=google_jobs_apply&utm_medium=organic,,Jooble,,[],,,https://www.google.com/search?q=jobs&gl=es&hl=es&udm=8#vhid=vt%3D20/docid%3DU0kogCCENpfEGDPAAAAAAA%3D%3D&vssid=jobs-detail-viewer,
gWAHzZBuNhoPCdF3AAAAAA==,Senior Backend Developer (Python & FastAPI) (100  remote Spain),UST Espa√±a & Latam,Bilbao,Vizcaya,ES,False,A tiempo completo,,,,,"UST is a multinational company based in North America, certified as a Top Employer and Great Place to Work company with over 35.000 employees all over the world and presence in more than 35 countries. We are leaders on digital technology services, and we provide large-scale technologic solutions to big companies. We are looking for a Senior Backend Developer working close to one of our main clients in financial sector. Development and maintenance of a Python-based application using FastAPI to ma...",https://es.bebee.com/job/28847138e833ca28fc050444bad2b828?utm_campaign=google_jobs_apply&utm_source=google_jobs_apply&utm_medium=organic,,BeBee,,[],,,https://www.google.com/search?q=jobs&gl=es&hl=es&udm=8#vhid=vt%3D20/docid%3DgWAHzZBuNhoPCdF3AAAAAA%3D%3D&vssid=jobs-detail-viewer,
GLUSC48bkJy7MOVCAAAAAA==,Senior Python Dev for AI/LLM RAG Projects ‚Äî Remote (Madrid),SerenityGPT,Madrid,Madrid,ES,False,A tiempo completo,,,,,"A fast-growing GenAI startup in Spain is seeking a Senior Python Developer to join their high-performing team. You will work closely with the CTO on cutting-edge AI solutions for various industries. The id√≥neo candidate should have over 2 years of Python experience and knowledge of REST APIs, Docker, Git, and SQL databases. Benefits include work from home options, training and development, and a stock option plan. #J-18808-Ljbffr",https://www.jobijoba.es/oferta-empleo/69/b141aff73e83db8db1650fe57d480093?utm_campaign=google_jobs_apply&utm_source=google_jobs_apply&utm_medium=organic,,Jobijoba,,[],,,https://www.google.com/search?q=jobs&gl=es&hl=es&udm=8#vhid=vt%3D20/docid%3DGLUSC48bkJy7MOVCAAAAAA%3D%3D&vssid=jobs-detail-viewer,
UFFyDnup9xL5Ks0oAAAAAA==,"Senior Backend Developer (Java, Python & Terraform) ‚Äì Remoto",knowmad mood,"Cequeli√±os, Arbo",Pontevedra,ES,False,A tiempo completo,,,,,"En knowmad mood buscamos un / a Desarrollador / a Backend para un proyecto en plena transformaci√≥n tecnol√≥gica. Formar√°s parte de un equipo con comunicaci√≥n basada en eventos y un enfoque en calidad, resiliencia y escalabilidad. Si eres experto / a en Java , aut√≥nomo / a y te motiva trabajar con tecnolog√≠as punteras en un entorno flexible, ¬°esta oportunidad es para ti! Tecnolog√≠as y Requisitos T√©cnicos ‚Ä¢ Lenguajes y frameworks : Java, Spring, Python ‚Ä¢ Arquitectura : Dominio de arquitectura hexag...",https://es.talent.com/view?id=38b01e3538b7&utm_campaign=google_jobs_apply&utm_source=google_jobs_apply&utm_medium=organic,,Talent.com,,[],,,https://www.google.com/search?q=jobs&gl=es&hl=es&udm=8#vhid=vt%3D20/docid%3DUFFyDnup9xL5Ks0oAAAAAA%3D%3D&vssid=jobs-detail-viewer,
FvnylmTxqhWC1tcFAAAAAA==,Python Developer Analyst - 100% Remoto,Axpe Consulting,"Cequeli√±os, Arbo",Pontevedra,ES,False,A tiempo completo,,,,,"üßë üíª Oferta: Python Developer Analyst ‚Äì Proyecto en Sector Financiero Internacional üìç 100% Remoto üìÑ Contrato Indefinido üåç Sobre el Proyecto Desde Axpe Consulting buscamos un Python Developer Analyst para incorporarse de manera estable a un proyecto estrat√©gico en una entidad financiera global, referente en innovaci√≥n tecnol√≥gica y transformaci√≥n digital . Se trata de una iniciativa clave dentro del √°rea de procesos de conciliaci√≥n , con alto impacto en la operativa diaria, gesti√≥n de datos y efic...",https://es.jooble.org/jdp/-3567649552614244546?utm_campaign=google_jobs_apply&utm_source=google_jobs_apply&utm_medium=organic,,Jooble,,[],,,https://www.google.com/search?q=jobs&gl=es&hl=es&udm=8#vhid=vt%3D20/docid%3DFvnylmTxqhWC1tcFAAAAAA%3D%3D&vssid=jobs-detail-viewer,
SUaEs2M0ssBveue9AAAAAA==,Backend Web Development Expert - ‚Ç¨55.000 - ‚Ç¨65.000 A Year - Remote,Abalia,Valencia,Valencia,ES,False,A tiempo completo,,,,,"Senior Python Developer (Remote ‚Äì Spain) (Just Spanish Residents) We‚Äôre looking for a Senior Python Developer to join a growing international engineering team. If you‚Äôre passionate about building scalable solutions, enjoy collaborating across disciplines, and want to work with modern technologies in a flexible environment ‚Äî we‚Äôd love to hear from you!",https://es.jobrapido.com/jobpreview/8469258502894780416?utm_campaign=google_jobs_apply&utm_source=google_jobs_apply&utm_medium=organic,,Jobrapido.com,,[],,,https://www.google.com/search?q=jobs&gl=es&hl=es&udm=8#vhid=vt%3D20/docid%3DSUaEs2M0ssBveue9AAAAAA%3D%3D&vssid=jobs-detail-viewer,
WVv15rTeB-yiaVWnAAAAAA==,Python Developer - 100% Remote (Exclusively for residents of Spain) (Huelva),Infosernt,Huelva,Huelva,ES,False,A tiempo completo,,,,,"Infoser NT is hiring: Python Software Engineer We're looking for a talented Python Software Engineer to join our innovative team and help us build scalable, cloud-native solutions. If you're passionate about automation, cloud infrastructure, and DevOps practices, this is your opportunity to make a real impact. Key Responsibilities - Design and maintain reliable, robust, and scalable DevOps platforms for cloud systems and services. - Develop and improve tools for CI/CD, automated testing, and adv...",https://www.jobijoba.es/oferta-empleo/69/753f74d1add1c24b1bf0d60d6c21753b?utm_campaign=google_jobs_apply&utm_source=google_jobs_apply&utm_medium=organic,,Jobijoba,,[],,,https://www.google.com/search?q=jobs&gl=es&hl=es&udm=8#vhid=vt%3D20/docid%3DWVv15rTeB-yiaVWnAAAAAA%3D%3D&vssid=jobs-detail-viewer,
fEHK4ilW-I943GoaAAAAAA==,Senior Backend Developer (Python & FastAPI) (100% remote Spain),UST Espa√±a & Latam,Valencia,Valencia,ES,False,A tiempo completo,,,,,"üöÄ UST is looking for the very Top Talent‚Ä¶and we would be delighted if you were to join our family! More in details, UST is a multinational company based in North America, certified as a Top Employer and Great Place to Work company with over 35.000 employees all over the world and presence in more than 35 countries. We are leaders on digital technology services, and we provide large-scale technologic solutions to big companies. üîé What are we looking for? We are looking for a Senior Backend Develo...",https://es.jooble.org/jdp/6416266320718029613?utm_campaign=google_jobs_apply&utm_source=google_jobs_apply&utm_medium=organic,,Jooble,,[],,,https://www.google.com/search?q=jobs&gl=es&hl=es&udm=8#vhid=vt%3D20/docid%3DfEHK4ilW-I943GoaAAAAAA%3D%3D&vssid=jobs-detail-viewer,
G9Rmdz_4WVjZ1fT2AAAAAA==,Python Developer - 100% Remote (Exclusively for residents of Spain) (Alicante (Alacant)),Infosernt,Alicante (Alacant),Alicante,ES,False,A tiempo completo,,,,,"Infoser NT is hiring: Python Software Engineer We're looking for a talented Python Software Engineer to join our innovative team and help us build scalable, cloud-native solutions. If you're passionate about automation, cloud infrastructure, and DevOps practices, this is your opportunity to make a real impact. Key Responsibilities - Design and maintain reliable, robust, and scalable DevOps platforms for cloud systems and services. - Develop and improve tools for CI/CD, automated testing, and adv...",https://www.jobijoba.es/oferta-empleo/69/9342010d1f35d7743b85b36c14be9662?utm_campaign=google_jobs_apply&utm_source=google_jobs_apply&utm_medium=organic,,Jobijoba,,[],,,https://www.google.com/search?q=jobs&gl=es&hl=es&udm=8#vhid=vt%3D20/docid%3DG9Rmdz_4WVjZ1fT2AAAAAA%3D%3D&vssid=jobs-detail-viewer,
hbBBKlJ9J5koC5ZNAAAAAA==,"Senior Backend Developer (Java, Python & Terraform) ‚Äì Remoto",knowmad mood,,,ES,False,A tiempo completo,,,,,"En knowmad mood buscamos un / a Desarrollador / a Backend para un proyecto en plena transformaci√≥n tecnol√≥gica. Formar√°s parte de un equipo con comunicaci√≥n basada en eventos y un enfoque en calidad, resiliencia y escalabilidad. Si eres experto / a en Java , aut√≥nomo / a y te motiva trabajar con tecnolog√≠as punteras en un entorno flexible, ¬°esta oportunidad es para ti! Tecnolog√≠as y Requisitos T√©cnicos ‚Ä¢ Lenguajes y frameworks : Java, Spring, Python ‚Ä¢ Arquitectura : Dominio de arquitectura hexag...",https://es.talent.com/view?id=e5d3e78a0a0b&utm_campaign=google_jobs_apply&utm_source=google_jobs_apply&utm_medium=organic,,Talent.com,,[],,,https://www.google.com/search?q=jobs&gl=es&hl=es&udm=8#vhid=vt%3D20/docid%3DhbBBKlJ9J5koC5ZNAAAAAA%3D%3D&vssid=jobs-detail-viewer,
92Z0INnHcE3lnG-9AAAAAA==,Remote Full-Stack Python Dev,Plexus,Madrid,Madrid,ES,False,A tiempo completo,,,,,"About Plexus Plexus is a technology development firm that offers a hybrid work environment across 24 work centers in Spain. Job Description ‚Ä¢ We are seeking a FullStack Developer specialized in Python to join their team. ‚Ä¢ Candidates should have at least 5 years of experience in front-end development, preferably with React.",https://es.bebee.com/job/ebf24b4a8ab6c081d2429efda1649a09?utm_campaign=google_jobs_apply&utm_source=google_jobs_apply&utm_medium=organic,,BeBee,,[],,,https://www.google.com/search?q=jobs&gl=es&hl=es&udm=8#vhid=vt%3D20/docid%3D92Z0INnHcE3lnG-9AAAAAA%3D%3D&vssid=jobs-detail-viewer,
lRv8Zs6aJLomMs30AAAAAA==,Remote (Spain) Senior Full-Stack Engineer - Python + React,Intellias,Madrid,Madrid,ES,False,A tiempo completo,,,,,"A fast-growing startup in Spain is looking for a Senior FullStack Developer (Python / React) to enhance their management platform. The ideal candidate has over 5 years of experience in full stack development, with expertise in Python and React, as well as strong skills in MongoDB and MySQL. Join a team focused on improving the deskless work experience through innovative software solutions. This role offers a fully remote position with a Spanish employment contract. #J-18808-Ljbffr",https://es.jobrapido.com/jobpreview/5721912234544726016?utm_campaign=google_jobs_apply&utm_source=google_jobs_apply&utm_medium=organic,,Jobrapido.com,,[],,,https://www.google.com/search?q=jobs&gl=es&hl=es&udm=8#vhid=vt%3D20/docid%3DlRv8Zs6aJLomMs30AAAAAA%3D%3D&vssid=jobs-detail-viewer,
BMESDi8WongV7G9jAAAAAA==,Python Engineer Team Lead,SplitMetrics,,,,False,A tiempo completo,,,,,"SplitMetrics is a global software company offering an ecosystem of products and services that serve as a growth engine for top mobile-first businesses worldwide. Our ecosystem includes: ‚Ä¢ SplitMetrics Acquire, a platform for automating and optimizing Apple Ads. ‚Ä¢ SplitMetrics Agency, a full-service mobile marketing agency staffed by top experts. ‚Ä¢ SplitMetrics Optimize, an A/B testing platform recognized as the ASO Tool of the Year. ‚Ä¢ App Radar by SplitMetrics: an ASO platform with advanced keyw...",https://es.linkedin.com/jobs/view/python-engineer-team-lead-at-splitmetrics-4340324079?utm_campaign=google_jobs_apply&utm_source=google_jobs_apply&utm_medium=organic,,LinkedIn,,[],,,https://www.google.com/search?q=jobs&gl=es&hl=es&udm=8#vhid=vt%3D20/docid%3DBMESDi8WongV7G9jAAAAAA%3D%3D&vssid=jobs-detail-viewer,
cF7hFRs1ZM3npwS8AAAAAA==,Python Developer - 100% Remote (Exclusively for residents of Spain) (Santander),Infosernt,,,,False,A tiempo completo,,,,,"Infoser NT is hiring: Python Software Engineer We're looking for a talented Python Software Engineer to join our innovative team and help us build scalable, cloud-native solutions. If you're passionate about automation, cloud infrastructure, and DevOps practices, this is your opportunity to make a real impact. Key Responsibilities - Design and maintain reliable, robust, and scalable DevOps platforms for cloud systems and services. - Develop and improve tools for CI/CD, automated testing, and adv...",https://www.jobijoba.es/oferta-empleo/69/39f02ed7c12852300fd05c979db3fb46?utm_campaign=google_jobs_apply&utm_source=google_jobs_apply&utm_medium=organic,,Jobijoba,,[],,,https://www.google.com/search?q=jobs&gl=es&hl=es&udm=8#vhid=vt%3D20/docid%3DcF7hFRs1ZM3npwS8AAAAAA%3D%3D&vssid=jobs-detail-viewer,
Q1k1_JYBz0oZf7-lAAAAAA==,Senior Python Software Engineer,IT Partner,,,ES,False,A tiempo completo,,,,,"Modalidad: 100% Teletrabajo Idioma: Espa√±ol nativo (obligatorio) üöÄ Descripci√≥n del puesto En IT Partner Espa√±a , buscamos un Senior Python Software Engineer con experiencia en el dise√±o y desarrollo de arquitecturas basadas en microservicios. Participar√°s en proyectos innovadores donde la inteligencia artificial y la automatizaci√≥n juegan un papel clave, colaborando con equipos de ingenier√≠a y DevOps para llevar soluciones de AI/GenAI a entornos productivos. üß© Responsabilidades principales ‚Ä¢ Dis...",https://es.jooble.org/jdp/-1635302943654742976?utm_campaign=google_jobs_apply&utm_source=google_jobs_apply&utm_medium=organic,,Jooble,,[],,,https://www.google.com/search?q=jobs&gl=es&hl=es&udm=8#vhid=vt%3D20/docid%3DQ1k1_JYBz0oZf7-lAAAAAA%3D%3D&vssid=jobs-detail-viewer,
vgasfEjBHSFbAMOpAAAAAA==,Backend developer Python,Hays,"Cequeli√±os, Arbo",Pontevedra,ES,False,A tiempo completo,,,,,"¬øQuieres crecer como Fullstack, proponer ideas y participar en proyectos? Tu nueva empresa Una compa√±√≠a tecnol√≥gica con sede en Sant Cugat del Vall√®s, especializada en el desarrollo de soluciones digitales a medida para clientes de m√∫ltiples sectores. Actualmente se encuentran en un momento de crecimiento, impulsando el desarrollo de un producto propio y una herramienta interna. Tu nuevo puesto Te incorporar√°s como Backend Developer, participando en proyectos tanto internos como para clientes. T...",https://es.talent.com/view?id=29f460f42ec2&utm_campaign=google_jobs_apply&utm_source=google_jobs_apply&utm_medium=organic,,Talent.com,,[],,,https://www.google.com/search?q=jobs&gl=es&hl=es&udm=8#vhid=vt%3D20/docid%3DvgasfEjBHSFbAMOpAAAAAA%3D%3D&vssid=jobs-detail-viewer,
wSnhe-BKifArSBtdAAAAAA==,Senior PRODUCT Python Developer (Remote - Spain),Matchtech,,,ES,False,A tiempo completo,,,,,"Senior PRODUCT Python Developer (Remote ‚Äì Spain) (Just Spanish Residents allowed) Build scalable solutions that power global digital experiences. We‚Äôre looking for a Senior Product Python Developer to join a growing international engineering team. You‚Äôll work in a collaborative, agile environment where innovation, autonomy, and technical excellence are part of the daily culture. If you‚Äôre passionate about designing elegant, scalable systems, love working with modern technologies, and want to con...",https://es.jobrapido.com/jobpreview/2500613988618862592?utm_campaign=google_jobs_apply&utm_source=google_jobs_apply&utm_medium=organic,,Jobrapido.com,,[],,,https://www.google.com/search?q=jobs&gl=es&hl=es&udm=8#vhid=vt%3D20/docid%3DwSnhe-BKifArSBtdAAAAAA%3D%3D&vssid=jobs-detail-viewer,
9RaxUl--MPO2GgxwAAAAAA==,Senior Backend Developer (Python & FastAPI) (100% remote Spain),UST Espa√±a & Latam,Vitoria-Gasteiz,√Ålava,ES,False,A tiempo completo,,,,,"üöÄ UST is looking for the very Top Talent‚Ä¶and we would be delighted if you were to join our family! More in details, UST is a multinational company based in North America, certified as a Top Employer and Great Place to Work company with over 35.000 employees all over the world and presence in more than 35 countries. We are leaders on digital technology services, and we provide large-scale technologic solutions to big companies. üîé What are we looking for? We are looking for a Senior Backend Develo...",https://es.jooble.org/jdp/1630764004461001598?utm_campaign=google_jobs_apply&utm_source=google_jobs_apply&utm_medium=organic,,Jooble,,[],,,https://www.google.com/search?q=jobs&gl=es&hl=es&udm=8#vhid=vt%3D20/docid%3D9RaxUl--MPO2GgxwAAAAAA%3D%3D&vssid=jobs-detail-viewer,
bbhnKnVORw-WqWWiAAAAAA==,Technical Lead Developer Python,Future Space S.A.,"O Chazo, Boiro",La Coru√±a,ES,False,A tiempo completo,,,,,"¬øTe apasiona el mundo de la ciberseguridad y quieres liderar proyectos tecnol√≥gicos de alto impacto? En Future Space buscamos un / a L√≠der T√©cnico experto en desarrollo con Python. ¬øQu√© har√°s en tu d√≠a a d√≠a? ‚Ä¢ Te incorporar√°s al equipo de ciberseguridad, trabajando en estrecha colaboraci√≥n con equipos de investigaci√≥n y expertos en seguridad para integrar soluciones de ciberseguridad dentro de los proyectos de I+D, asegurando la interoperabilidad y la alineaci√≥n con los objetivos estrat√©gicos. ...",https://es.talent.com/view?id=62358b897fd0&utm_campaign=google_jobs_apply&utm_source=google_jobs_apply&utm_medium=organic,,Talent.com,,[],,,https://www.google.com/search?q=jobs&gl=es&hl=es&udm=8#vhid=vt%3D20/docid%3DbbhnKnVORw-WqWWiAAAAAA%3D%3D&vssid=jobs-detail-viewer,
hezz4q2RWVymFTgdAAAAAA==,Senior Product Python Developer (Remote ‚Äì Spain) - Remote (Gij√≥n),Matchtech,Gij√≥n,Asturias,ES,False,A tiempo completo,,,,,"Senior PRODUCT Python Developer (Remote ‚Äì Spain) (Just Spanish Residents allowed) Build scalable solutions that power general digital experiences. We‚Äôre looking for a Senior Product Python Developer to join a growing international engineering team. You‚Äôll work in a collaborative, agile environment where innovation, autonomy, and technical excellence are part of the daily culture. If you‚Äôre passionate about designing elegant, scalable systems, love working with modern technologies, and want to co...",https://www.jobijoba.es/oferta-empleo/69/dcd4a6d62612e89360e1eeb89f3455bf?utm_campaign=google_jobs_apply&utm_source=google_jobs_apply&utm_medium=organic,,Jobijoba,,[],,,https://www.google.com/search?q=jobs&gl=es&hl=es&udm=8#vhid=vt%3D20/docid%3Dhezz4q2RWVymFTgdAAAAAA%3D%3D&vssid=jobs-detail-viewer,
1NJzj3gfZJj9fy_wAAAAAA==,Python & AWS Developer,Paradigma Digital,Madrid,Madrid,ES,False,A tiempo completo,,,,,"El futuro se construye con talento, pasi√≥n e innovaci√≥n.",https://es.talent.com/view?id=9b54bc62ff60&utm_campaign=google_jobs_apply&utm_source=google_jobs_apply&utm_medium=organic,,Talent.com,,[],,,https://www.google.com/search?q=jobs&gl=es&hl=es&udm=8#vhid=vt%3D20/docid%3D1NJzj3gfZJj9fy_wAAAAAA%3D%3D&vssid=jobs-detail-viewer,
BkP8VOCyqi0o_VeaAAAAAA==,Senior PRODUCT Python Developer (Remote ‚Äì Spain) (Catalu√±a),Matchtech,,,ES,False,A tiempo completo,,,,,"Senior PRODUCT Python Developer (Remote ‚Äì Spain) (Just Spanish Residents allowed) Build scalable solutions that power integral digital experiences. We‚Äôre looking for a Senior Product Python Developer to join a growing international engineering team. You‚Äôll work in a collaborative, agile environment where innovation, autonomy, and technical excellence are part of the daily culture. If you‚Äôre passionate about designing elegant, scalable systems, love working with modern technologies, and want to c...",https://www.jobijoba.es/oferta-empleo/69/8c93731b3f46e1486a2afdd6ed5483cb?utm_campaign=google_jobs_apply&utm_source=google_jobs_apply&utm_medium=organic,,Jobijoba,,[],,,https://www.google.com/search?q=jobs&gl=es&hl=es&udm=8#vhid=vt%3D20/docid%3DBkP8VOCyqi0o_VeaAAAAAA%3D%3D&vssid=jobs-detail-viewer,
D9GL6l4GnxKxa5CkAAAAAA==,Senior Python Software Engineer,IT Partner,,,ES,False,A tiempo completo,,,,,"Modalidad : 100% Teletrabajo Idioma : Espa√±ol nativo (obligatorio) üöÄ Descripci√≥n del puesto En IT Partner Espa√±a , buscamos un Senior Python Software Engineer con experiencia en el dise√±o y desarrollo de arquitecturas basadas en microservicios. Participar√°s en proyectos innovadores donde la inteligencia artificial y la automatizaci√≥n juegan un papel clave, colaborando con equipos de ingenier√≠a y DevOps para llevar soluciones de AI / GenAI a entornos productivos. üß© Responsabilidades principales ‚Ä¢...",https://es.talent.com/view?id=6f9f3a4e42c9&utm_campaign=google_jobs_apply&utm_source=google_jobs_apply&utm_medium=organic,,Talent.com,,[],,,https://www.google.com/search?q=jobs&gl=es&hl=es&udm=8#vhid=vt%3D20/docid%3DD9GL6l4GnxKxa5CkAAAAAA%3D%3D&vssid=jobs-detail-viewer,
YzZvvdKVuU5YRS93AAAAAA==,Senior PRODUCT Python Developer (Remote ‚Äì Spain),Matchtech,M√°laga,M√°laga,ES,False,A tiempo completo,,,,,"Senior PRODUCT Python Developer (Remote ‚Äì Spain) (Just Spanish Residents allowed) Build scalable solutions that power global digital experiences. We‚Äôre looking for a Senior Product Python Developer to join a growing international engineering team. You‚Äôll work in a collaborative, agile environment where innovation, autonomy, and technical excellence are part of the daily culture. If you‚Äôre passionate about designing elegant, scalable systems, love working with modern technologies, and want to con...",https://es.jobrapido.com/jobpreview/2040351583643893760?utm_campaign=google_jobs_apply&utm_source=google_jobs_apply&utm_medium=organic,,Jobrapido.com,,[],,,https://www.google.com/search?q=jobs&gl=es&hl=es&udm=8#vhid=vt%3D20/docid%3DYzZvvdKVuU5YRS93AAAAAA%3D%3D&vssid=jobs-detail-viewer,
XdLHeQlFSyYkQq1mAAAAAA==,Senior FullStack Developer (Python + Angular),Softtek,,,ES,False,A tiempo completo,,,,,"Softtek es un socio global de ingenier√≠a de software que impulsa el progreso de las compa√±√≠as. Desde hace m√°s de 40 a√±os, hemos ayudado a nuestros clientes a desarrollar, implementar y gestionar tecnolog√≠a que mejora la vida de las personas. Con presencia en m√°s de 20 pa√≠ses y m√°s de 16,000 softtekians en todo el mundo, en Softtek estamos en constante crecimiento. En Espa√±a, te ofrecemos la oportunidad de unirte a nuestra comunidad en ubicaciones como Albacete, Asturias, √Åvila, Barcelona, C√≥rdob...",https://es.talent.com/view?id=bb7ffa89e5d4&utm_campaign=google_jobs_apply&utm_source=google_jobs_apply&utm_medium=organic,,Talent.com,,[],,,https://www.google.com/search?q=jobs&gl=es&hl=es&udm=8#vhid=vt%3D20/docid%3DXdLHeQlFSyYkQq1mAAAAAA%3D%3D&vssid=jobs-detail-viewer,
YxVPnvK0jc28fEsvAAAAAA==,Senior Product Python Developer (Remote ‚Äì Spain) - Remote (Palma),Matchtech,Palma,Illes Balears,ES,False,A tiempo completo,,,,,"Senior PRODUCT Python Developer (Remote ‚Äì Spain) (Just Spanish Residents allowed) Build scalable solutions that power general digital experiences. We‚Äôre looking for a Senior Product Python Developer to join a growing international engineering team. You‚Äôll work in a collaborative, agile environment where innovation, autonomy, and technical excellence are part of the daily culture. If you‚Äôre passionate about designing elegant, scalable systems, love working with modern technologies, and want to co...",https://www.jobijoba.es/oferta-empleo/69/4124ce62930e4156b3f7765aab449d55?utm_campaign=google_jobs_apply&utm_source=google_jobs_apply&utm_medium=organic,,Jobijoba,,[],,,https://www.google.com/search?q=jobs&gl=es&hl=es&udm=8#vhid=vt%3D20/docid%3DYxVPnvK0jc28fEsvAAAAAA%3D%3D&vssid=jobs-detail-viewer,
8J-DoTI3SGddAUtuAAAAAA==,Backend developer Python,Hays,"O Chazo, Boiro",La Coru√±a,ES,False,A tiempo completo,,,,,"¬øQuieres crecer como Fullstack, proponer ideas y participar en proyectos? Tu nueva empresa Una compa√±√≠a tecnol√≥gica con sede en Sant Cugat del Vall√®s, especializada en el desarrollo de soluciones digitales a medida para clientes de m√∫ltiples sectores. Actualmente se encuentran en un momento de crecimiento, impulsando el desarrollo de un producto propio y una herramienta interna. Tu nuevo puesto Te incorporar√°s como Backend Developer, participando en proyectos tanto internos como para clientes. T...",https://es.talent.com/view?id=a67ae29d08c8&utm_campaign=google_jobs_apply&utm_source=google_jobs_apply&utm_medium=organic,,Talent.com,,[],,,https://www.google.com/search?q=jobs&gl=es&hl=es&udm=8#vhid=vt%3D20/docid%3D8J-DoTI3SGddAUtuAAAAAA%3D%3D&vssid=jobs-detail-viewer,
9e4WFix1oP3xjS07AAAAAA==,Back End Developer (Python / GO / AWS) - Hybrid from Zaragoza,European Tech Recruit,Marz√°n,Le√≥n,ES,False,A tiempo completo,,,,,"Backend Software Developer A fantastic opportunity for a driven Backend Software Developer to join fast-growing deep-tech company, who provide hyper-efficient software to global companies across finance, energy, manufacturing and cybersecurity to gain an edge with quantum computing and artificial intelligence. Required Qualifications ‚Ä¢ 2‚Äì5 years of experience developing and maintaining backend systems in Python or Go. ‚Ä¢ Strong understanding of RESTful API or gRPC design, versioning, and performa...",https://es.talent.com/view?id=5f0cfdd52cb9&utm_campaign=google_jobs_apply&utm_source=google_jobs_apply&utm_medium=organic,,Talent.com,,[],,,https://www.google.com/search?q=jobs&gl=es&hl=es&udm=8#vhid=vt%3D20/docid%3D9e4WFix1oP3xjS07AAAAAA%3D%3D&vssid=jobs-detail-viewer,
xrLCw3azl62pONtIAAAAAA==,Senior Python Backend Engineer ‚Äî 100% Remote (Spain) (La Coru√±a),Matchtech,"A Coru√±a, La Coru√±a",La Coru√±a,ES,False,A tiempo completo,,,,,"A technology consulting firm is seeking a Senior Python Developer to join a remote international engineering team in Spain. You will design, develop, and maintain backend web services, contribute to full-stack solutions, and work with modern technologies like Docker and Kubernetes. The adecuado candidate has 5+ years of web development experience and a strong command of Python. The position offers a competitive salary ranging from ‚Ç¨55,000 to ‚Ç¨65,000 gross per year. #J-18808-Ljbffr",https://www.jobijoba.es/oferta-empleo/69/b2465291ccdde8cc892e8fa5a1bd3d25?utm_campaign=google_jobs_apply&utm_source=google_jobs_apply&utm_medium=organic,,Jobijoba,,[],,,https://www.google.com/search?q=jobs&gl=es&hl=es&udm=8#vhid=vt%3D20/docid%3DxrLCw3azl62pONtIAAAAAA%3D%3D&vssid=jobs-detail-viewer,
50Ib2Cg03p2xbPjpAAAAAA==,Senior PRODUCT Python Developer Remote ‚Äì,Matchtech,Salamanca,Salamanca,ES,False,A tiempo completo,,,,,"Senior PRODUCT Python Developer (Remote - Spain) (Just Spanish Residents allowed) Build scalable solutions that power global digital experiences. We're looking for a Senior Product Python Developer to join a growing international engineering team. You'll work in a collaborative, agile environment where innovation, autonomy, and technical excellence are part of the daily culture. If you're passionate about designing elegant, scalable systems, love working with modern technologies, and want to con...",https://www.jobilize.com/job/es-castille-le-n-salamanca-senior-product-python-developer-remote?utm_campaign=google_jobs_apply&utm_source=google_jobs_apply&utm_medium=organic,,Jobilize,,[],,,https://www.google.com/search?q=jobs&gl=es&hl=es&udm=8#vhid=vt%3D20/docid%3D50Ib2Cg03p2xbPjpAAAAAA%3D%3D&vssid=jobs-detail-viewer,
PuTX1gRcdcN7n6GoAAAAAA==,"Senior Developer Django, Python (Fully Remote)",Matchtech,,,ES,False,A tiempo completo,,,,,"Senior Python Developer (Remote ‚Äì Spain) (Just Spanish Residents allowed) Build scalable solutions that power global digital experiences. We‚Äôre looking for a Senior Python Developer to join a growing international engineering team. You‚Äôll work in a collaborative, agile environment where innovation, autonomy, and technical excellence are part of the daily culture. If you‚Äôre passionate about designing elegant, scalable systems, love working with modern technologies, and want to contribute to meani...",https://es.jooble.org/rjdp/7510966917232612772?utm_campaign=google_jobs_apply&utm_source=google_jobs_apply&utm_medium=organic,,Jooble,,[],,,https://www.google.com/search?q=jobs&gl=es&hl=es&udm=8#vhid=vt%3D20/docid%3DPuTX1gRcdcN7n6GoAAAAAA%3D%3D&vssid=jobs-detail-viewer,
ophjO2GtCRzCAHl-AAAAAA==,Senior PRODUCT Python Developer (Remote ‚Äì Spain),Matchtech,Valencia,Valencia,ES,False,A tiempo completo,,,,,"Senior PRODUCT Python Developer (Remote ‚Äì Spain) (Just Spanish Residents allowed) Build scalable solutions that power global digital experiences. We‚Äôre looking for a Senior Product Python Developer to join a growing international engineering team. You‚Äôll work in a collaborative, agile environment where innovation, autonomy, and technical excellence are part of the daily culture. If you‚Äôre passionate about designing elegant, scalable systems, love working with modern technologies, and want to con...",https://www.jobijoba.es/oferta-empleo/69/d34abeed565f8aedac5f59a61007631d?utm_campaign=google_jobs_apply&utm_source=google_jobs_apply&utm_medium=organic,,Jobijoba,,[],,,https://www.google.com/search?q=jobs&gl=es&hl=es&udm=8#vhid=vt%3D20/docid%3DophjO2GtCRzCAHl-AAAAAA%3D%3D&vssid=jobs-detail-viewer,
JIV3_zsB2HYTDBDHAAAAAA==,Senior Backend Dev (Python & FastAPI) ‚Äî Remote Spain,UST,Madrid,Madrid,ES,False,A tiempo completo,,,,,"A multinational company is looking for a Senior Backend Developer to work remotely in Spain. You will develop and maintain a Python application using FastAPI, manage Azure infrastructure, and work with SQL databases. Candidates should have strong Python skills, Azure knowledge, and a good level of English. This role offers a competitive benefits package including flexible work-life balance and professional development opportunities.",https://www.jobleads.com/es/job/senior-backend-dev-python-fastapi-remote-spain--madrid--e56a9444a0553669d904dcfde4aba7ac5?utm_campaign=google_jobs_apply&utm_source=google_jobs_apply&utm_medium=organic,,JobLeads,,[],,,https://www.google.com/search?q=jobs&gl=es&hl=es&udm=8#vhid=vt%3D20/docid%3DJIV3_zsB2HYTDBDHAAAAAA%3D%3D&vssid=jobs-detail-viewer,
6DntRFSX0QQV_AVGAAAAAA==,"Full Stack Developer (Python, React and RAG)",CGI,Getafe,Madrid,ES,False,A tiempo completo,,,,,"¬°√önete a CGI! Fundada en 1976, CGI se encuentra entre las mayores empresas de servicios de consultor√≠a TI y de negocio del mundo. Nos basamos en conocimientos y resultados para ayudar a acelerar la transformaci√≥n digital de nuestros clientes. A trav√©s de 21 sectores en 400 ubicaciones en todo el mundo, nuestros 93.000 profesionales proporcionan servicios de consultor√≠a TI y de negocio integrales, escalables y sostenibles que entregamos localmente. Estamos buscando Fullstack Developer con Python,...",https://es.linkedin.com/jobs/view/full-stack-developer-python-react-and-rag-at-cgi-4333849362?utm_campaign=google_jobs_apply&utm_source=google_jobs_apply&utm_medium=organic,,LinkedIn,,[],,,https://www.google.com/search?q=jobs&gl=es&hl=es&udm=8#vhid=vt%3D20/docid%3D6DntRFSX0QQV_AVGAAAAAA%3D%3D&vssid=jobs-detail-viewer,
TzE5dPZc2iwAo8GeAAAAAA==,Senior PRODUCT Python Developer (Remote ‚Äì Spain) (Almer√≠a),Matchtech,Almer√≠a,Almer√≠a,ES,False,A tiempo completo,,,,,"Senior PRODUCT Python Developer (Remote ‚Äì Spain) (Just Spanish Residents allowed) Build scalable solutions that power integral digital experiences. We‚Äôre looking for a Senior Product Python Developer to join a growing international engineering team. You‚Äôll work in a collaborative, agile environment where innovation, autonomy, and technical excellence are part of the daily culture. If you‚Äôre passionate about designing elegant, scalable systems, love working with modern technologies, and want to c...",https://www.jobijoba.es/oferta-empleo/69/b78f2323fdbc1a9bf24a6279f95bb5d2?utm_campaign=google_jobs_apply&utm_source=google_jobs_apply&utm_medium=organic,,Jobijoba,,[],,,https://www.google.com/search?q=jobs&gl=es&hl=es&udm=8#vhid=vt%3D20/docid%3DTzE5dPZc2iwAo8GeAAAAAA%3D%3D&vssid=jobs-detail-viewer,
7ydWhjqxhU74-fLPAAAAAA==,"Software Engineer, Python- Remote",YouGov,,,,False,A tiempo completo,,,,,"YouGov is a global online research company, offering insight into what the world thinks. We speak daily to our panel of over 24 million registered members to understand opinion and behaviors around the world. We have a strong reputation as a source of accurate data and we‚Äôre trusted by the world‚Äôs biggest brands to get it right, making us the most quoted market research source in the world. Join our global team to help us achieve our social mission: to make millions of people‚Äôs opinions heard fo...",https://es.linkedin.com/jobs/view/software-engineer-python-remote-at-yougov-4295690528?utm_campaign=google_jobs_apply&utm_source=google_jobs_apply&utm_medium=organic,,LinkedIn,,[],,,https://www.google.com/search?q=jobs&gl=es&hl=es&udm=8#vhid=vt%3D20/docid%3D7ydWhjqxhU74-fLPAAAAAA%3D%3D&vssid=jobs-detail-viewer,
lbZ4wVlrVTQ5I4lDAAAAAA==,Senior Software Engineer (Python),CHEP,Madrid,Madrid,ES,False,A tiempo completo,,,,,"CHEP helps move more goods to more people, in more places than any other organization on earth via our 347 million pallets, crates and containers. We employ approximately 13,000 people and operate in 60 countries. Through our pioneering and sustainable share-and-reuse business model, the world‚Äôs biggest brands trust us to help them transport their goods more efficiently, safely and with less environmental impact. What does that mean for you? You‚Äôll join an international organization big enough t...",https://es.linkedin.com/jobs/view/senior-software-engineer-python-at-chep-4339612897?utm_campaign=google_jobs_apply&utm_source=google_jobs_apply&utm_medium=organic,,LinkedIn,,[],,,https://www.google.com/search?q=jobs&gl=es&hl=es&udm=8#vhid=vt%3D20/docid%3DlbZ4wVlrVTQ5I4lDAAAAAA%3D%3D&vssid=jobs-detail-viewer,
btOX4OZdqYIv8fCdAAAAAA==,Python AWS Engineer - Remote,Ayesa,M√°laga,M√°laga,ES,False,A tiempo completo,,,,,"¬°En Ayesa crecemos contigo! En Ayesa no esperamos al futuro, lo lideramos. A trav√©s de la #tecnolog√≠a y la ingenier√≠a lo hacemos posible, convirtiendo retos en oportunidades, conceptos en soluciones y visi√≥n en impacto real. Paso a paso nos acercamos a un futuro mejor. Con tu pasi√≥n, talento y determinaci√≥n, seguiremos transformando el presente y construyendo el futuro. Ayesa, Making It Happen. Si eres una persona entusiasta, te apasiona la tecnolog√≠a y buscas un nuevo reto profesional, ¬°√©ste es...",https://es.expertini.com/job/python-aws-engineer-remote-malaga-ayesa-3874-11830474/?utm_campaign=google_jobs_apply&utm_source=google_jobs_apply&utm_medium=organic,,Spain Jobs Expertini,,[],,,https://www.google.com/search?q=jobs&gl=es&hl=es&udm=8#vhid=vt%3D20/docid%3DbtOX4OZdqYIv8fCdAAAAAA%3D%3D&vssid=jobs-detail-viewer,
AkOMTKZA-HN1cLjzAAAAAA==,Remote Senior Python Backend Developer,Matchtech,Marbella,M√°laga,ES,False,A tiempo completo,,,,,"A leading engineering company is looking for a Senior Python Developer to join their remote team in Spain. The role involves designing scalable backend services, collaborating with frontend developers, and utilizing modern technologies like Python, Docker, and Kubernetes. Ideal candidates should have over 5 years of experience and a strong command of English.",https://es.trabajo.org/oferta-2635-0ac8e7b0b367f09f8ea91d494270457a?utm_campaign=google_jobs_apply&utm_source=google_jobs_apply&utm_medium=organic,,Trabajo.org,,[],,,https://www.google.com/search?q=jobs&gl=es&hl=es&udm=8#vhid=vt%3D20/docid%3DAkOMTKZA-HN1cLjzAAAAAA%3D%3D&vssid=jobs-detail-viewer,
mauHpPIVBNVbenhxAAAAAA==,Senior Data Engineer ‚Äî Tableau-SQL-Python (Remote Spain),Virtusa,Madrid,Madrid,ES,False,A tiempo completo,,,,,A leading technology firm is seeking a Senior Developer to work on the Origin Data Lake project for Corporate and Investment Banking. This fully remote role requires strong expertise in Tableau and a solid background in SQL and AWS. You'll lead all facets of the software delivery lifecycle and collaborate closely with various teams. This position offers opportunities for career growth within a global organization. #J-18808-Ljbffr,https://es.jobrapido.com/jobpreview/2694932877618970624?utm_campaign=google_jobs_apply&utm_source=google_jobs_apply&utm_medium=organic,,Jobrapido.com,,[],,,https://www.google.com/search?q=jobs&gl=es&hl=es&udm=8#vhid=vt%3D20/docid%3DmauHpPIVBNVbenhxAAAAAA%3D%3D&vssid=jobs-detail-viewer,
7NRojUx4GHJqHckiAAAAAA==,Senior Python Developer,JR Spain,Lleida,L√©rida,ES,False,A tiempo completo,,,,,Job Description: We are looking for a Senior Python Developer to join our international team of professionals in an innovative and dynamic work environment. ‚Ä¢ Long-term secure contract ‚Ä¢ International projects with top technologies ‚Ä¢ Remote work with flexible schedule ‚Ä¢ Be part of a highly-qualified team of professionals ‚Ä¢ Travel abroad with your project ‚Ä¢ Specialized training and continuous professional development ‚Ä¢ Social benefits and flexible compensation plan The ideal candidate will have a...,https://es.bebee.com/job/319dd2e7c78b1a7708c829ae7269880d?utm_campaign=google_jobs_apply&utm_source=google_jobs_apply&utm_medium=organic,,BeBee,,[],,,https://www.google.com/search?q=jobs&gl=es&hl=es&udm=8#vhid=vt%3D20/docid%3D7NRojUx4GHJqHckiAAAAAA%3D%3D&vssid=jobs-detail-viewer,
7n71184KRqS0gP0NAAAAAA==,Desarrollador Python Senior,Bosonit,"Cequeli√±os, Arbo",Pontevedra,ES,False,A tiempo completo,,,,,"En Bosonit somos una consultora tecnol√≥gica especializada en la transformaci√≥n de Datos e IA. Nuestra misi√≥n: hacer que los datos correctos est√©n disponibles para un consumo r√°pido por parte de los l√≠deres empresariales &##128640; En esta ocasi√≥n, buscamos un compa√±ero para formar parte de la familia Bosonit &##128104; &##Contamos con proyectos de consultor√≠a en grandes clientes, as√≠ como con diferentes Startups tecnol√≥gicas donde desarrollamos producto propio &##129514; ‚Ä¢ ##Nos encontramos en l...",https://es.jooble.org/rjdp/-8963919432169273150?utm_campaign=google_jobs_apply&utm_source=google_jobs_apply&utm_medium=organic,,Jooble,,[],,,https://www.google.com/search?q=jobs&gl=es&hl=es&udm=8#vhid=vt%3D20/docid%3D7n71184KRqS0gP0NAAAAAA%3D%3D&vssid=jobs-detail-viewer,
M6O2MdACxCUA7ckdAAAAAA==,Remote Python Developer,T-Systems Iberia,Granada,Granada,ES,False,A tiempo completo,,,,,As a Software Engineer with expertise in Machine Learning you will be tasked with designing implementing and maintaining AI / ML solutions that address diverse business challenges. This will involve techniques such as RAG chatbots natural language / text analysis using vector embeddings and model fine-tuning. You will work closely with our Machine Learning Experts Product Owner and cross-functional teams to understand their needs and provide data-driven solutions. Data Engineering : Design and i...,https://es.trabajo.org/oferta-2635-849e10150ca70bbf9d0cad5a3cddec00?utm_campaign=google_jobs_apply&utm_source=google_jobs_apply&utm_medium=organic,,Trabajo.org,,[],,,https://www.google.com/search?q=jobs&gl=es&hl=es&udm=8#vhid=vt%3D20/docid%3DM6O2MdACxCUA7ckdAAAAAA%3D%3D&vssid=jobs-detail-viewer,
Fzy0huwrNSdjpnvWAAAAAA==,Senior Backend Developer (Python & FastAPI) (100% remote Spain),UST Espa√±a & Latam,Marbella,M√°laga,ES,False,A tiempo completo,,,,,"UST is looking for the very Top Talent‚Ä¶and we would be delighted if you were to join our family! More in details, UST is a multinational company based in North America, certified as a Top Employer and Great Place to Work company with over 35.000 employees all over the world and presence in more than 35 countries. We are leaders on digital technology services, and we provide large-scale technologic solutions to big companies. What are we looking for? We are looking for a Senior Backend Developer ...",https://es.jobrapido.com/jobpreview/8069143404048547840?utm_campaign=google_jobs_apply&utm_source=google_jobs_apply&utm_medium=organic,,Jobrapido.com,,[],,,https://www.google.com/search?q=jobs&gl=es&hl=es&udm=8#vhid=vt%3D20/docid%3DFzy0huwrNSdjpnvWAAAAAA%3D%3D&vssid=jobs-detail-viewer,
wFp702hB73ujRm0kAAAAAA==,"Desarrollador/a Backend Python (Flask, GCP) - 100% Remoto...",The White Team,,,ES,False,A tiempo completo,,,,,"Descripci√≥n del puesto En The Whiteam buscamos un Desarrollador/a Backend con experiencia en Python y Flask para unirse a nuestro equipo. Si te apasiona el desarrollo de servicios backend y quieres trabajar en proyectos innovadores en entornos Cloud, esta oportunidad es para ti. El puesto es 100% remoto desde Espa√±a , con contrato indefinido y un entorno din√°mico donde podr√°s crecer profesionalmente. Responsabilidades ‚Ä¢ Analizar y desarrollar tareas del backlog. ‚Ä¢ Implementar servicios backend e...",https://es.jooble.org/jdp/2927030544281169699?utm_campaign=google_jobs_apply&utm_source=google_jobs_apply&utm_medium=organic,,Jooble,,[],,,https://www.google.com/search?q=jobs&gl=es&hl=es&udm=8#vhid=vt%3D20/docid%3DwFp702hB73ujRm0kAAAAAA%3D%3D&vssid=jobs-detail-viewer,
Gpb6LWu2rtyh__0VAAAAAA==,Remote Python,Nextlane,Madrid,Madrid,ES,False,A tiempo completo,,,,,Job Description: A leading software development firm in Madrid seeks a skilled Python & COBOL Software Engineer to innovate solutions for the automotive industry. Key Responsibilities: ‚Ä¢ Develop innovative software solutions using Python and COBOL programming languages. ‚Ä¢ Collaborate with cross-functional teams to design and implement software systems. ‚Ä¢ Stay up-to-date with industry trends and emerging technologies. Requirements: ‚Ä¢ Over 3 years of experience in software development. ‚Ä¢ Strong te...,https://es.bebee.com/job/92daa33829375828255a2b18ad514eec?utm_campaign=google_jobs_apply&utm_source=google_jobs_apply&utm_medium=organic,,BeBee,,[],,,https://www.google.com/search?q=jobs&gl=es&hl=es&udm=8#vhid=vt%3D20/docid%3DGpb6LWu2rtyh__0VAAAAAA%3D%3D&vssid=jobs-detail-viewer,
6N61BK97vzMCS1D0AAAAAA==,Senior Backend Developer Python & FastAPI 100% remote Spain,UST,Madrid,Madrid,ES,False,A tiempo completo,,,,,"Senior Backend Developer (Python & FastAPI) (100% remote Spain) We are looking for aSenior Backend Developerworking close to one of our main clients in the financial sector. UST is a multinational company based in North America, certified as a Top Employer and Great Place to Work, with over 35,000 employees worldwide and a presence in more than 35 countries. We are leaders in digital technology services, providing large‚Äëscale technological solutions to big companies.Main Tasks and Accountabiliti...",https://www.jobilize.com/job/es-madrid-senior-backend-developer-python-fastapi-100-remote-spain?utm_campaign=google_jobs_apply&utm_source=google_jobs_apply&utm_medium=organic,,Jobilize,,[],,,https://www.google.com/search?q=jobs&gl=es&hl=es&udm=8#vhid=vt%3D20/docid%3D6N61BK97vzMCS1D0AAAAAA%3D%3D&vssid=jobs-detail-viewer,
tMN9PJk0-m_nt5SRAAAAAA==,Backend Developer Python,JR Spain,Vigo,Pontevedra,ES,False,A tiempo completo,,,,,"Social network you want to login/join with: ? Back-end Developer ‚Äì Ruby on Rails (Remote, Freelance) Contract Type: Freelance Commitment: Full-time Location: Fully Remote About the Role A forward-thinking tech company focused on workplace well-being is looking for a passionate and experienced Back-end Developer (Ruby on Rails) to join its growing team. This role is ideal for someone who thrives in fast-paced, purpose-driven environments and enjoys working on integrations and scalable systems tha...",https://es.trabajo.org/oferta-2635-3e949a17b9b87598c8820e91b9e2e757?utm_campaign=google_jobs_apply&utm_source=google_jobs_apply&utm_medium=organic,,Trabajo.org,,[],,,https://www.google.com/search?q=jobs&gl=es&hl=es&udm=8#vhid=vt%3D20/docid%3DtMN9PJk0-m_nt5SRAAAAAA%3D%3D&vssid=jobs-detail-viewer,
CT6x3t8qGZVRUMsiAAAAAA==,Senior Backend Developer (Python & FastAPI) (100% remote Spain),UST Espa√±a & Latam,Zaragoza,Zaragoza,ES,False,A tiempo completo,,,,,"UST is looking for the very Top Talent‚Ä¶and we would be delighted if you were to join our family! More in details, UST is a multinational company based in North America, certified as a Top Employer and Great Place to Work company with over 35.000 employees all over the world and presence in more than 35 countries. We are leaders on digital technology services, and we provide large-scale technologic solutions to big companies. What are we looking for? We are looking for a Senior Backend Developer ...",https://es.jobrapido.com/jobpreview/1155436278825615360?utm_campaign=google_jobs_apply&utm_source=google_jobs_apply&utm_medium=organic,,Jobrapido.com,,[],,,https://www.google.com/search?q=jobs&gl=es&hl=es&udm=8#vhid=vt%3D20/docid%3DCT6x3t8qGZVRUMsiAAAAAA%3D%3D&vssid=jobs-detail-viewer,
3nbUdFLxXJzy3f4yAAAAAA==,Fullstack React/ Python Developer - Remote,Dim√°tica,Tarragona,Tarragona,ES,False,A tiempo completo,,,,,"This opportunity is only for residents in Spain En DIM√ÅTICA, empresa reconocida como Microsoft PARTNER, estamos especializados en soluciones de dise√±o, desarrollo y mantenimiento de software en entornos multiplataforma. We are currently selecting Node. JS developers. What would you do? Develop and maintain microservices and RESTful APIs within an international benchmark in the logistics sector. Develop and maintain web applications, backend services using Node. Js and frontend using Angular and ...",https://www.jobilize.com/job/es-cataluna-tarragona-fullstack-react-python-developer-remote-dim?utm_campaign=google_jobs_apply&utm_source=google_jobs_apply&utm_medium=organic,,Jobilize,,[],,,https://www.google.com/search?q=jobs&gl=es&hl=es&udm=8#vhid=vt%3D20/docid%3D3nbUdFLxXJzy3f4yAAAAAA%3D%3D&vssid=jobs-detail-viewer,
UmMu2_nJOBuiOrPXAAAAAA==,Senior Full-Stack Engineer: Flask/Django + React (Remote),Medium,,,ES,False,A tiempo completo,,,,,A dynamic software consultancy is seeking a Full-Stack Developer to join their team in Spain. The role requires a Bachelor's degree in Computer Science and 5+ years of experience using open-source technologies. The successful candidate will contribute to developing high-quality applications while enjoying flexible working hours and opportunities for professional development. This is an exciting chance to be part of a fast-paced and innovative environment. #J-18808-Ljbffr,https://es.jooble.org/jdp/-2930593204044168027?utm_campaign=google_jobs_apply&utm_source=google_jobs_apply&utm_medium=organic,,Jooble,,[],,,https://www.google.com/search?q=jobs&gl=es&hl=es&udm=8#vhid=vt%3D20/docid%3DUmMu2_nJOBuiOrPXAAAAAA%3D%3D&vssid=jobs-detail-viewer,
a1k8g8qbwN1XLGggAAAAAA==,Senior Backend Developer (Python & FastAPI) (100  remote Spain),UST Espa√±a & Latam,Vitoria-Gasteiz,√Ålava,ES,False,A tiempo completo,,,,,"UST is looking for the very Top Talent‚Ä¶and we would be delighted if you were to join our family More in details, UST is a multinational company based in North America, certified as a Top Employer and Great Place to Work company with over employees all over the world and presence in more than 35 countries. We are leaders on digital technology services, and we provide large-scale technologic solutions to big companies. What are we looking for? We are looking for a Senior Backend Developer working ...",https://es.bebee.com/job/b1436989c9f282470d05aabfbfb7f239?utm_campaign=google_jobs_apply&utm_source=google_jobs_apply&utm_medium=organic,,BeBee,,[],,,https://www.google.com/search?q=jobs&gl=es&hl=es&udm=8#vhid=vt%3D20/docid%3Da1k8g8qbwN1XLGggAAAAAA%3D%3D&vssid=jobs-detail-viewer,
khWP9KHs9WDmQ5aAAAAAAA==,Senior Backend Developer Python & FastAPI 100% remote Spain,UST Espa√±a and Latam,Santiago de Compostela,La Coru√±a,ES,False,A tiempo completo,,,,,"UST is looking for the very Top Talent‚Ä¶and we would be delighted if you were to join our family! More in details, UST is a multinational company based in North America, certified as a Top Employer and Great Place to Work company with over 35.000 employees all over the world and presence in more than 35 countries. We are leaders on digital technology services, and we provide large-scale technologic solutions to big companies.What are we looking for? We are looking for aSenior Backend Developerwor...",https://www.jobilize.com/job/es-santiago-de-compostela-senior-backend-developer-python-fastapi?utm_campaign=google_jobs_apply&utm_source=google_jobs_apply&utm_medium=organic,,Jobilize,,[],,,https://www.google.com/search?q=jobs&gl=es&hl=es&udm=8#vhid=vt%3D20/docid%3DkhWP9KHs9WDmQ5aAAAAAAA%3D%3D&vssid=jobs-detail-viewer,
80XhL31Edo5pKfrDAAAAAA==,Python Developer,Shakers,Gerona,Girona,ES,False,A tiempo completo,,,,,"Buscamos Python Software Engineer (Microservicios + FastAPI + GenAI) Proyecto puntero, entorno moderno y oportunidad real de trabajar con tecnolog√≠as de √∫ltima generaci√≥n. ¬øQu√© har√°s? ‚Ä¢ Dise√±ar y desarrollar microservicios en Python + FastAPI. ‚Ä¢ Crear y mantener APIs (OpenAPI, REST/gRPC). ‚Ä¢ Contenerizar servicios con Docker y desplegarlos en Kubernetes. ‚Ä¢ Colaborar con equipos de IA para llevar modelos ML/GenAI a producci√≥n. ‚Ä¢ Integrar componentes de GenAI con LangChain / LangGraph. ‚Ä¢ Monitoriza...",https://es.jooble.org/jdp/-1122325574845715682?utm_campaign=google_jobs_apply&utm_source=google_jobs_apply&utm_medium=organic,,Jooble,,[],,,https://www.google.com/search?q=jobs&gl=es&hl=es&udm=8#vhid=vt%3D20/docid%3D80XhL31Edo5pKfrDAAAAAA%3D%3D&vssid=jobs-detail-viewer,
B7BYMe_BR6uOBwkJAAAAAA==,Python Developer (La Coru√±a),Ubique Systems,"A Coru√±a, La Coru√±a",La Coru√±a,ES,False,A tiempo completo,,,,,"Job Title: Full Stack Developer - Python Analyst Location: Boadilla, Spain - Remote Duration: Permanent Employment Type: Full-Time Roles & Responsibilities: We are seeking a Full Stack Developer with at lease 5 years of experience in Python and a solid understanding of both technical architecture and functional requirements. This role requires the ability to work in a backend system. You'll work in a collaborative, cross-functional team focused on building systems that support financial performa...",https://www.jobijoba.es/oferta-empleo/69/21d08ace95e7fa125835014930c0e387?utm_campaign=google_jobs_apply&utm_source=google_jobs_apply&utm_medium=organic,,Jobijoba,,[],,,https://www.google.com/search?q=jobs&gl=es&hl=es&udm=8#vhid=vt%3D20/docid%3DB7BYMe_BR6uOBwkJAAAAAA%3D%3D&vssid=jobs-detail-viewer,
ykua4sgpP293r8BaAAAAAA==,Senior Backend Developer Python & FastAPI 100% remote Spain,UST Espa√±a and Latam,"Cequeli√±os, Arbo",Pontevedra,ES,False,A tiempo completo,,,,,"UST is looking for the very Top Talent. and we would be delighted if you were to join our family!More in details, UST is a multinational company based in North America, certified as a Top Employer and Great Place to Work company with over 35. 000 employees all over the world and presence in more than 35 countries. We are leaders on digital technology services, and we provide large-scale technologic solutions to big companies. What are we looking for?We are looking for a Senior Backend Developer ...",https://www.jobilize.com/job/es-cequeli-os-senior-backend-developer-python-fastapi-100-remote-spain?utm_campaign=google_jobs_apply&utm_source=google_jobs_apply&utm_medium=organic,,Jobilize,,[],,,https://www.google.com/search?q=jobs&gl=es&hl=es&udm=8#vhid=vt%3D20/docid%3Dykua4sgpP293r8BaAAAAAA%3D%3D&vssid=jobs-detail-viewer,
_3-KULInfeZ4640bAAAAAA==,Senior Python Developer - Barcelona (ES),InnoIT Consulting,,,ES,False,A tiempo completo,,,,,"JOB OPPORTUNITY - BARCELONA (SPAIN) At InnoIT, we‚Äôre looking for experienced Senior Python developers to lead the design, development, and delivery of backend solutions. Requirements : ‚Ä¢ Bachelor‚Äôs degree or higher in Computer Science, Engineering, or related fiel ‚Ä¢ 5+ years of proven experience as a Python Developer. ‚Ä¢ Strong expertise with Python frameworks such as FastAPI and Django . ‚Ä¢ Solid experience writing and maintaining automated tests. ‚Ä¢ Good understanding of cloud environments (AWS, ...",https://es.talent.com/view?id=63522c756c62&utm_campaign=google_jobs_apply&utm_source=google_jobs_apply&utm_medium=organic,,Talent.com,,[],,,https://www.google.com/search?q=jobs&gl=es&hl=es&udm=8#vhid=vt%3D20/docid%3D_3-KULInfeZ4640bAAAAAA%3D%3D&vssid=jobs-detail-viewer,
t04HDFZm7iAA2DA4AAAAAA==,Work from home python developer,Talan Group,Madrid,Madrid,ES,False,A tiempo completo,,,,,"For the 4th consecutive year , Talan Spain has been recognized as a Great Place to Work ! This year, we‚Äôre also celebrating our 2nd certification in Poland , a significant milestone since opening our office there. Talan is an international advisory group specializing in innovation and transformation through technology, with 5,000 employees and an annual turnover of 600M‚Ç¨. We offer our customers a continuum of services to support them at each key stage of their organization's transformation, with...",https://es.jooble.org/rjdp/4138347979307185509?utm_campaign=google_jobs_apply&utm_source=google_jobs_apply&utm_medium=organic,,Jooble,,[],,,https://www.google.com/search?q=jobs&gl=es&hl=es&udm=8#vhid=vt%3D20/docid%3Dt04HDFZm7iAA2DA4AAAAAA%3D%3D&vssid=jobs-detail-viewer,
dIrFrYwIcWhPVnQRAAAAAA==,Desarrollador De Python (Huelva),Amaris Consulting,Huelva,Huelva,ES,False,A tiempo completo,,,,,"Senior Python Developer (Remote ‚Äì Spain) (Just Spanish Residents) We're looking for a Senior Python Developer to join a growing international engineering team. If you're passionate about building scalable solutions, enjoy collaborating across disciplines, and want to work with modern technologies in a flexible environment ‚Äî we'd love to hear from you! What you'll do Design, develop, and maintain backend web services using Python (Django, Flask, or similar frameworks). Contribute occasionally to ...",https://www.jobijoba.es/oferta-empleo/69/be32662a02d7d07ba5b9472c907be72d?utm_campaign=google_jobs_apply&utm_source=google_jobs_apply&utm_medium=organic,,Jobijoba,,[],,,https://www.google.com/search?q=jobs&gl=es&hl=es&udm=8#vhid=vt%3D20/docid%3DdIrFrYwIcWhPVnQRAAAAAA%3D%3D&vssid=jobs-detail-viewer,
ur0YOGkasMJLqK5hAAAAAA==,Senior Backend Developer Python & FastAPI 100% remote Spain,UST Espa√±a and Latam,"O Chazo, Boiro",La Coru√±a,ES,False,A tiempo completo,,,,,"UST is looking for the very Top Talent. and we would be delighted if you were to join our family!More in details, UST is a multinational company based in North America, certified as a Top Employer and Great Place to Work company with over 35. 000 employees all over the world and presence in more than 35 countries. We are leaders on digital technology services, and we provide large-scale technologic solutions to big companies. What are we looking for?We are looking for a Senior Backend Developer ...",https://www.jobilize.com/job/es-o-chazo-senior-backend-developer-python-fastapi-100-remote-spain?utm_campaign=google_jobs_apply&utm_source=google_jobs_apply&utm_medium=organic,,Jobilize,,[],,,https://www.google.com/search?q=jobs&gl=es&hl=es&udm=8#vhid=vt%3D20/docid%3Dur0YOGkasMJLqK5hAAAAAA%3D%3D&vssid=jobs-detail-viewer,
8VxTIZUptipZpYKaAAAAAA==,Remote Senior Python Backend Developer,Dcycle,Madrid,Madrid,ES,False,A tiempo completo,,,,,"An innovative sustainability startup in Madrid is seeking a Senior Backend Engineer to design and implement scalable backend services. Ideal candidates will have over 5 years of experience with Python and a strong focus on environmental impact. The position involves collaboration across teams and using AWS for cloud-native architecture, offering competitive benefits including flexible remote work options. #J-18808-Ljbffr",https://es.jooble.org/rjdp/-8861961457097701231?utm_campaign=google_jobs_apply&utm_source=google_jobs_apply&utm_medium=organic,,Jooble,,[],,,https://www.google.com/search?q=jobs&gl=es&hl=es&udm=8#vhid=vt%3D20/docid%3D8VxTIZUptipZpYKaAAAAAA%3D%3D&vssid=jobs-detail-viewer,
n3V-N1aQCs8ZEciLAAAAAA==,Back End developer (Python / Django),Oxigent Technologies,Madrid,Madrid,ES,False,A tiempo completo,,,,,Te interesar√≠a seguir desarroll√°ndote como Programador / a Backend en una empresa internacional referente por su Marketplace de productos tecnol√≥gicos? Desde Oxigent Technologies seleccionamos un / a BACKEND ENGINEER para participar en un proyecto crucial de extracci√≥n y migraci√≥n de un monolito heredado de Python / Django y trasladarlo a un microservicio escalable en Python / FastAPI. Tu misi√≥n ser√° participar en la transformaci√≥n arquitect√≥nica de uno de los principales productos de la compa√±√≠...,https://es.talent.com/view?id=8a951cfdcd71&utm_campaign=google_jobs_apply&utm_source=google_jobs_apply&utm_medium=organic,,Talent.com,,[],,,https://www.google.com/search?q=jobs&gl=es&hl=es&udm=8#vhid=vt%3D20/docid%3Dn3V-N1aQCs8ZEciLAAAAAA%3D%3D&vssid=jobs-detail-viewer,
C7562Vq56KGJrjItAAAAAA==,Desarrollador De Python - Remote,Haut.AI,Lleida,L√©rida,ES,False,A tiempo completo,,,,,"Senior Python Developer (Remote ‚Äì Spain) (Just Spanish Residents) We‚Äôre looking for a Senior Python Developer to join a growing international engineering team. If you‚Äôre passionate about building scalable solutions, enjoy collaborating across disciplines, and want to work with modern technologies in a flexible environment ‚Äî we‚Äôd love to hear from you!",https://www.jobijoba.es/oferta-empleo/69/dc24bdbc78951d71682ea59d55b3e369?utm_campaign=google_jobs_apply&utm_source=google_jobs_apply&utm_medium=organic,,Jobijoba,,[],,,https://www.google.com/search?q=jobs&gl=es&hl=es&udm=8#vhid=vt%3D20/docid%3DC7562Vq56KGJrjItAAAAAA%3D%3D&vssid=jobs-detail-viewer,
-AZnl6iGcARorZ82AAAAAA==,Senior Software Engineer ‚Äì Python / Microservicios / IA,Grupo TECDATA Engineering,,,ES,False,A tiempo completo,,,,,"En Grupo Tecdata estamos buscando un / a Ingeniero / a Senior de Software Python con experiencia en microservicios , FastAPI y un fuerte enfoque en calidad de software , para colaborar en proyectos de servicios de IA y GenAI en producci√≥n. La persona seleccionada ser√° responsable de dise√±ar, implementar y mantener arquitecturas backend escalables, integradas con servicios en la nube, contenedorizadas y listas para producci√≥n. üîπ Responsabilidades principales ‚Ä¢ Dise√±ar, desarrollar y mantener micr...",https://es.talent.com/view?id=8b1597286f13&utm_campaign=google_jobs_apply&utm_source=google_jobs_apply&utm_medium=organic,,Talent.com,,[],,,https://www.google.com/search?q=jobs&gl=es&hl=es&udm=8#vhid=vt%3D20/docid%3D-AZnl6iGcARorZ82AAAAAA%3D%3D&vssid=jobs-detail-viewer,
jKSLiTTAtsjNfNDoAAAAAA==,Senior Python Engineer - Fully Remote,Netguru,,,ES,False,A tiempo completo,,,,,"Senior Python Engineer with AI Knowledge Location: Remote/ based in European Union (Poland is client's preference) Contract: B2B Start date: ASAP, project at least till January 2026 Rate: up to 145 PLN/h (+ VAT) Project Information (Backend Focus) Technology Stack: Python backend with PostgreSQL (or other relational databases). The environment includes testing with Pytest and deployment within Google Cloud Platform (GCP). Integration: Planned integration with an external system for exchanging sa...",https://es.jooble.org/rjdp/2146933610756961614?utm_campaign=google_jobs_apply&utm_source=google_jobs_apply&utm_medium=organic,,Jooble,,[],,,https://www.google.com/search?q=jobs&gl=es&hl=es&udm=8#vhid=vt%3D20/docid%3DjKSLiTTAtsjNfNDoAAAAAA%3D%3D&vssid=jobs-detail-viewer,
OK6FdeC7y1vAkx7YAAAAAA==,Backend Python - Fastapi (100% Remoto) - Sector Farmac√©utico - Remote (Zaragoza),Aderen,Zaragoza,Zaragoza,ES,False,A tiempo completo,,,,,"Senior Python Developer (Remote ‚Äì Spain) (Just Spanish Residents) We‚Äôre looking for a Senior Python Developer to join a growing international engineering team. If you‚Äôre passionate about building scalable solutions, enjoy collaborating across disciplines, and want to work with modern technologies in a adaptable environment ‚Äî we‚Äôd love to hear from you!",https://www.jobijoba.es/oferta-empleo/69/56a63b4995c4eee9b3ba3481d318a245?utm_campaign=google_jobs_apply&utm_source=google_jobs_apply&utm_medium=organic,,Jobijoba,,[],,,https://www.google.com/search?q=jobs&gl=es&hl=es&udm=8#vhid=vt%3D20/docid%3DOK6FdeC7y1vAkx7YAAAAAA%3D%3D&vssid=jobs-detail-viewer,
jwPgUFFd0el5JFAMAAAAAA==,"Desarrollador/a python AWS, hibrido",IRIUM - Spain,Madrid,Madrid,ES,False,A tiempo completo,,,,,"Actualmente nos encontramos en b√∫squeda de un/a Python Senior Developer para trabajar en un proyecto del sector bancario. Ô∏è Para desarrollar este puesto es imprescindible: ‚Ä¢ Contar con, al menos, 5 a√±os de experiencia en desarrollo de librer√≠as y scaffolds con Python. ‚Ä¢ Experiencia con microservicios. ‚Ä¢ Conocer frameworks como Pip, Poetry, o FastAPI. ‚Ä¢ Experiencia con la creaci√≥n y ejecuci√≥n de contenedores. ‚Ä¢ Conocimientos de AWS (CloudWatch, XRay, AppRunner o Lambda) ‚Ä¢ Ser una persona con pens...",https://es.jooble.org/rjdp/5484465179137616633?utm_campaign=google_jobs_apply&utm_source=google_jobs_apply&utm_medium=organic,,Jooble,,[],,,https://www.google.com/search?q=jobs&gl=es&hl=es&udm=8#vhid=vt%3D20/docid%3DjwPgUFFd0el5JFAMAAAAAA%3D%3D&vssid=jobs-detail-viewer,
nvE6GB_E71KETUk5AAAAAA==,Python Developer Contract,Capitole,Madrid,Madrid,ES,False,A tiempo completo,,,,,"We‚Äôre Hiring : Python Developer (AWS). Hybrid : 2 days per week in the office, the rest remote. Are you passionate about building scalable, efficient data processing solutions? We are seeking a skilled Python Developer to join our team and help design, develop, and maintain robust data pipelines using AWS Serverless technologies ‚Ä¢ . This is your opportunity to work with cutting-edge cloud solutions and make a real impact on how we process and analyze large volumes of data. Design, develop, test,...",https://es.talent.com/view?id=b2e50b10cb42&utm_campaign=google_jobs_apply&utm_source=google_jobs_apply&utm_medium=organic,,Talent.com,,[],,,https://www.google.com/search?q=jobs&gl=es&hl=es&udm=8#vhid=vt%3D20/docid%3DnvE6GB_E71KETUk5AAAAAA%3D%3D&vssid=jobs-detail-viewer,
T2l3zK04JqzAJ6dUAAAAAA==,Senior PRODUCT Python Developer (Remote ‚Äì Spain),Matchtech,,,ES,False,A tiempo completo,,,,,"Senior PRODUCT Python Developer (Remote ‚Äì Spain) (Just Spanish Residents allowed) Build scalable solutions that power global digital experiences. We‚Äôre looking for a Senior Product Python Developer to join a growing international engineering team. You‚Äôll work in a collaborative, agile environment where innovation, autonomy, and technical excellence are part of the daily culture. If you‚Äôre passionate about designing elegant, scalable systems, love working with modern technologies, and want to con...",https://es.expertini.com/job/senior-product-python-developer-remote-spain-castilla-leon-matchtech-4186-13562873/?utm_campaign=google_jobs_apply&utm_source=google_jobs_apply&utm_medium=organic,,Spain Jobs Expertini,,[],,,https://www.google.com/search?q=jobs&gl=es&hl=es&udm=8#vhid=vt%3D20/docid%3DT2l3zK04JqzAJ6dUAAAAAA%3D%3D&vssid=jobs-detail-viewer,
3DyRiMzVVe6-8ipEAAAAAA==,Python Engineer - Observability & Automation | 100% TELETRABAJO | Ref: EGC,Abalia,Vitoria-Gasteiz,√Ålava,ES,False,A tiempo completo,,,,,"En Abalia, buscamos incorporar Expert Python Developer para unirse al equipo responsable del Producto Global de Observabilidad. La misi√≥n principal ser√° dise√±ar, desarrollar y probar automatizaciones que optimicen y evolucionen la plataforma de observabilidad a escala global. Participar√°s en la creaci√≥n de nuevas funcionalidades, mejora de automatismos existentes, integraciones con terceros y eficiencia de procesos dentro de un entorno altamente t√©cnico y orientado a la fiabilidad. FUNCIONES: Di...",https://es.jooble.org/jdp/1359195517996468179?utm_campaign=google_jobs_apply&utm_source=google_jobs_apply&utm_medium=organic,,Jooble,,[],,,https://www.google.com/search?q=jobs&gl=es&hl=es&udm=8#vhid=vt%3D20/docid%3D3DyRiMzVVe6-8ipEAAAAAA%3D%3D&vssid=jobs-detail-viewer,
Z0kS3pUrbhHTQLeoAAAAAA==,D√©veloppeur Python,Tsoft,Madrid,Madrid,ES,False,A tiempo completo,,,,,"‚Ä¢ &##128640; ¬°√önete a nuestro equipo de innovaci√≥n! &##128640; Buscamos Dev Python (Django) para revolucionar la experiencia digital en el sector de telecomunicaciones. Requisitos : Experiencia demostrable en desarrollo con Python y Django. Dominio de Celery para tareas as√≠ncronas y procesamiento en segundo plano. Conocimientos en RabbitMQ, Redis y SQL. Experiencia en dise√±o y mantenimiento de arquitecturas escalables. Capacidad para mentorizar a perfiles junior. Conocimiento de buenas pr√°cticas...",https://es.talent.com/view?id=a482f5ea15ca&utm_campaign=google_jobs_apply&utm_source=google_jobs_apply&utm_medium=organic,,Talent.com,,[],,,https://www.google.com/search?q=jobs&gl=es&hl=es&udm=8#vhid=vt%3D20/docid%3DZ0kS3pUrbhHTQLeoAAAAAA%3D%3D&vssid=jobs-detail-viewer,
tp_8duE05f_ZyrbgAAAAAA==,Senior Tableau-SQL-Python Engineer (Remote - Spain),Virtusa,,Madrid,ES,False,A tiempo completo,,,,,A leading technology consultancy is seeking a Senior Developer to work remotely from Spain on a high-profile project in Corporate & Investment Banking. The role involves designing and maintaining ETLs using tools like Tableau and Python. Candidates should have a Bachelor's degree or substantial experience in software delivery. The position offers opportunities for career growth and continuous learning. #J-18808-Ljbffr,https://www.jobijoba.es/oferta-empleo/69/bd7dc7505fa65b4f15ca155c66011993?utm_campaign=google_jobs_apply&utm_source=google_jobs_apply&utm_medium=organic,,Jobijoba,,[],,,https://www.google.com/search?q=jobs&gl=es&hl=es&udm=8#vhid=vt%3D20/docid%3Dtp_8duE05f_ZyrbgAAAAAA%3D%3D&vssid=jobs-detail-viewer,
3Wvn6ipU3ceqSFkKAAAAAA==,Python Developer,Shakers,,,ES,False,A tiempo completo,,,,,"üöÄ Buscamos Python Software Engineer (Microservicios + FastAPI + GenAI) Proyecto puntero, entorno moderno y oportunidad real de trabajar con tecnolog√≠as de √∫ltima generaci√≥n. üíº ¬øQu√© har√°s? ‚Ä¢ Dise√±ar y desarrollar microservicios en Python + FastAPI . ‚Ä¢ Crear y mantener APIs (OpenAPI, REST/gRPC). ‚Ä¢ Contenerizar servicios con Docker y desplegarlos en Kubernetes . ‚Ä¢ Colaborar con equipos de IA para llevar modelos ML/GenAI a producci√≥n. ‚Ä¢ Integrar componentes de GenAI con LangChain / LangGraph . ‚Ä¢ Mon...",https://es.jooble.org/jdp/4639311745444689381?utm_campaign=google_jobs_apply&utm_source=google_jobs_apply&utm_medium=organic,,Jooble,,[],,,https://www.google.com/search?q=jobs&gl=es&hl=es&udm=8#vhid=vt%3D20/docid%3D3Wvn6ipU3ceqSFkKAAAAAA%3D%3D&vssid=jobs-detail-viewer,
nPu7ll9RbzG4REsdAAAAAA==,Python Backend Engineer (Mathematical Focus),Klepsydra Technologies,"Cequeli√±os, Arbo",Pontevedra,ES,False,A tiempo completo,,,,,"We are seeking a highly motivated Python Backend Engineer (Mathematical Focus) to join our team and support the development of our Python-based mathematical backend. We are looking for top-tier software engineers with strong mathematical intuition and excellent engineering discipline. Please note that the selection process will be highly demanding, as we aim to build a team capable of delivering top-level technical excellence. Key Responsibilities ‚Ä¢ Backend Development : Refactor and optimize th...",https://es.talent.com/view?id=c0609b821500&utm_campaign=google_jobs_apply&utm_source=google_jobs_apply&utm_medium=organic,,Talent.com,,[],,,https://www.google.com/search?q=jobs&gl=es&hl=es&udm=8#vhid=vt%3D20/docid%3DnPu7ll9RbzG4REsdAAAAAA%3D%3D&vssid=jobs-detail-viewer,
iY_J6uMY5_KDlpkAAAAAAA==,Principal Software Engineer | Python | 100% Remote,UST Espa√±a & Latam,,,ES,False,A tiempo completo,,,,,"üöÄWe are looking for the very Top Talent‚Ä¶and we would be delighted if you were to join our team! More in details, UST is a multinational company based in North America, certified as a Top Employer company with over 35.000 employees all over the world and presence in more than 30 countries. We are leaders on digital technology services, and we provide large-scale technologic solutions to big companies. üîé What are we looking for? We are seeking a Principal Python Software Engineer with a background...",https://es.jooble.org/jdp/6951504415718768038?utm_campaign=google_jobs_apply&utm_source=google_jobs_apply&utm_medium=organic,,Jooble,,[],,,https://www.google.com/search?q=jobs&gl=es&hl=es&udm=8#vhid=vt%3D20/docid%3DiY_J6uMY5_KDlpkAAAAAAA%3D%3D&vssid=jobs-detail-viewer,
VWs4JNS6KRZcySF1AAAAAA==,Senior Backend Developer (Python & FastAPI) (100% remote Spain),UST Espa√±a & Latam,Marz√°n,Le√≥n,ES,False,A tiempo completo,,,,,"üöÄ UST is looking for the very Top Talent‚Ä¶and we would be delighted if you were to join our family! More in details, UST is a multinational company based in North America, certified as a Top Employer and Great Place to Work company with over 35.000 employees all over the world and presence in more than 35 countries. We are leaders on digital technology services, and we provide large-scale technologic solutions to big companies. üîé What are we looking for? We are looking for a Senior Backend Develo...",https://es.talent.com/view?id=eb1896306980&utm_campaign=google_jobs_apply&utm_source=google_jobs_apply&utm_medium=organic,,Talent.com,,[],,,https://www.google.com/search?q=jobs&gl=es&hl=es&udm=8#vhid=vt%3D20/docid%3DVWs4JNS6KRZcySF1AAAAAA%3D%3D&vssid=jobs-detail-viewer,
e5wzB4SsOozYF-LFAAAAAA==,Contract Python Developer - ‚Ç¨220 - ‚Ç¨280 Al D√≠a - Remote (Ibiza),Aderen,,,,False,A tiempo completo,,,,,"Senior Python Developer (Remote ‚Äì Spain) (Just Spanish Residents) We‚Äôre looking for a Senior Python Developer to join a growing international engineering team. If you‚Äôre passionate about building scalable solutions, enjoy collaborating across disciplines, and want to work with modern technologies in a adaptable environment ‚Äî we‚Äôd love to hear from you!",https://www.jobijoba.es/oferta-empleo/69/7f3ccc048e746d1fe9be950691539781?utm_campaign=google_jobs_apply&utm_source=google_jobs_apply&utm_medium=organic,,Jobijoba,,[],,,https://www.google.com/search?q=jobs&gl=es&hl=es&udm=8#vhid=vt%3D20/docid%3De5wzB4SsOozYF-LFAAAAAA%3D%3D&vssid=jobs-detail-viewer,
8rwMp5zlRYX6F4BpAAAAAA==,Python Developer / Airflow,Lufthansa Group,Valencia,Valencia,ES,False,A tiempo completo,,,,,"How about working with aircraft data on a state of the art, cloud native technology stack, powering predictive maintenance analytics? Tasks We‚Äôre looking for someone to join our team of data engineers, developing new data pipelines and scaling the existing ones for a growing number of customers and use cases. We‚Äôre using technologies like Python, Terraform, Kubernetes and Pub/Sub to run event-based data pipelines, processing millions of new data points every day on the Google Cloud Platform. We‚Äô...",https://es.jooble.org/rjdp/231266338399741633?utm_campaign=google_jobs_apply&utm_source=google_jobs_apply&utm_medium=organic,,Jooble,,[],,,https://www.google.com/search?q=jobs&gl=es&hl=es&udm=8#vhid=vt%3D20/docid%3D8rwMp5zlRYX6F4BpAAAAAA%3D%3D&vssid=jobs-detail-viewer,
_QJVeJp9nyoeRw7rAAAAAA==,Senior Developer Automatizaci√≥n & Integraciones (Python Node-RED) | 100% Remoto,Decskill Espa√±a,"Marz√°n, B√≥veda",Lugo,ES,False,A tiempo completo,,,,,"Decskill naci√≥ en 2014 como una consultora de Talento IT, con la misi√≥n principal de aportar valor a trav√©s del conocimiento. Capacitamos a las empresas para enfrentar los desaf√≠os del mundo digital disponiendo a nuestros clientes modelos de negocios que aseguren Capacitaci√≥n Tecnol√≥gica, Flexibilidad y Agilidad. En n√∫meros, somos 700 consultores con oficinas en Lisboa, Oporto y Madridüó∫ DECSKILL opera en 3 √°reas principales : ‚Ä¢ DECSKILL TALENT, a trav√©s del cual disponemos a nuestro cliente una ...",https://es.talent.com/view?id=b8aa9d945066&utm_campaign=google_jobs_apply&utm_source=google_jobs_apply&utm_medium=organic,,Talent.com,,[],,,https://www.google.com/search?q=jobs&gl=es&hl=es&udm=8#vhid=vt%3D20/docid%3D_QJVeJp9nyoeRw7rAAAAAA%3D%3D&vssid=jobs-detail-viewer,
HehJETL4zpqz5qfhAAAAAA==,Python Developer Hybrid,GMV Spain,Madrid,Madrid,ES,False,A tiempo completo,,,,,"We are expanding our teams in the Aerospace sector to take on projects within the Avionics and Space Equipment division at our office in Madrid , contributing to the development of projects and products with a strong focus on R&D activities . we'll tell you what's not on the web. You will participate in advanced space projects with a focus on EGSE (Electrical Ground Support Equipment) and Verification and Validation (V&V) of space avionics subsystems composed of hardware and software . Your acti...",https://es.jooble.org/rjdp/6503663045838824291?utm_campaign=google_jobs_apply&utm_source=google_jobs_apply&utm_medium=organic,,Jooble,,[],,,https://www.google.com/search?q=jobs&gl=es&hl=es&udm=8#vhid=vt%3D20/docid%3DHehJETL4zpqz5qfhAAAAAA%3D%3D&vssid=jobs-detail-viewer,
-UTTnCfongCJNfF7AAAAAA==,Python + AWS Developer (remoto),METRICA,Madrid,Madrid,ES,False,A tiempo completo,,,,,"Somos M√©trica Consulting, una consultora de negocio, integraci√≥n de sistemas, servicios y soluciones IT, comprometida con la Sociedad de la informaci√≥n y el desarrollo tecnol√≥gico, cuyos objetivos son un continuo crecimiento y convertirnos, para nuestros clientes, en un partner de negocio y tecnolog√≠a cada d√≠a m√°s s√≥lido. Actualmente estamos en b√∫squeda de un / a Programador / a Python con experiencia en AWS y Langchain y Langgraph. ¬øExperiencia laboral de, al menos 3 a√±os como Programador / a P...",https://es.talent.com/view?id=7274b17dd513&utm_campaign=google_jobs_apply&utm_source=google_jobs_apply&utm_medium=organic,,Talent.com,,[],,,https://www.google.com/search?q=jobs&gl=es&hl=es&udm=8#vhid=vt%3D20/docid%3D-UTTnCfongCJNfF7AAAAAA%3D%3D&vssid=jobs-detail-viewer,
myPZeJ-5vHjYKe11AAAAAA==,Desarrollador De Python - Remote (Santander),Haut.AI,,,,False,A tiempo completo,,,,,"Senior Python Developer (Remote ‚Äì Spain) (Just Spanish Residents) We‚Äôre looking for a Senior Python Developer to join a growing international engineering team. If you‚Äôre passionate about building scalable solutions, enjoy collaborating across disciplines, and want to work with modern technologies in a vers√°til environment ‚Äî we‚Äôd love to hear from you!",https://www.jobijoba.es/oferta-empleo/69/f6b82de01164319e7ccd6a8a6ad8e98a?utm_campaign=google_jobs_apply&utm_source=google_jobs_apply&utm_medium=organic,,Jobijoba,,[],,,https://www.google.com/search?q=jobs&gl=es&hl=es&udm=8#vhid=vt%3D20/docid%3DmyPZeJ-5vHjYKe11AAAAAA%3D%3D&vssid=jobs-detail-viewer,
DxtW-1d8NLxahLlAAAAAAA==,Developer / Python Developer,Oxigent Technologies,Madrid,Madrid,ES,False,A tiempo completo,,,,,"Te interesar√≠a seguir desarroll√°ndote como Python Developer en una empresa multinacional l√≠der en el sector te tecnolog√≠as de comunicaciones para el transporte a√©reo? Python Developer para dirigir el ecosistema t√©cnico del equipo de IA, con el fin de desarrollar, implementar y mantener de manera eficiente los modelos de aprendizaje autom√°tico ¬øGestionar la soluci√≥n de canalizaci√≥n de aprendizaje autom√°tico que crea los modelos para la aplicaci√≥n. ‚Ä¢ Dise√±ar, desarrollar y mantener soluciones Pyth...",https://es.talent.com/view?id=fd6676f36946&utm_campaign=google_jobs_apply&utm_source=google_jobs_apply&utm_medium=organic,,Talent.com,,[],,,https://www.google.com/search?q=jobs&gl=es&hl=es&udm=8#vhid=vt%3D20/docid%3DDxtW-1d8NLxahLlAAAAAAA%3D%3D&vssid=jobs-detail-viewer,
TJt35qXi82qCbW8BAAAAAA==,Senior Python Engineer - Fully Remote,Talan Group,M√°laga,M√°laga,ES,False,A tiempo completo,,,,,"Talan is an international consulting and technology expertise group that accelerates its clients' transformation through innovation, technology, and data. For over 20 years, Talan has been advising and supporting companies and public institutions in implementing their transformation and innovation projects in France and internationally. It aims to achieve a turnover of 850 million euros in the same year and exceed the one-billion-euro threshold by 2025. With its research and innovation Centre, T...",https://es.jooble.org/rjdp/4012097019133440541?utm_campaign=google_jobs_apply&utm_source=google_jobs_apply&utm_medium=organic,,Jooble,,[],,,https://www.google.com/search?q=jobs&gl=es&hl=es&udm=8#vhid=vt%3D20/docid%3DTJt35qXi82qCbW8BAAAAAA%3D%3D&vssid=jobs-detail-viewer,
ZHkzABibnVmg7ygPAAAAAA==,Full Stack Developer (Python & Angular),Astek,,,ES,False,A tiempo completo,,,,,"At ASTEK Iberia , we are looking for a Full Stack Developer (Python & Angular) to join a multidisciplinary team working in DevOps mode, collaborating with business users to deliver scalable, efficient front-end solutions that support our energy-sector partner digital transformation strategy. Main responsibilities : ‚Ä¢ Collaborate with SEM / RESOPS users to analyze existing processes, data flows, and business needs. ‚Ä¢ Design, develop, and maintain front-end and back-end applications using Python a...",https://es.talent.com/view?id=56815548724d&utm_campaign=google_jobs_apply&utm_source=google_jobs_apply&utm_medium=organic,,Talent.com,,[],,,https://www.google.com/search?q=jobs&gl=es&hl=es&udm=8#vhid=vt%3D20/docid%3DZHkzABibnVmg7ygPAAAAAA%3D%3D&vssid=jobs-detail-viewer,
8lZ7DxwTGbLoCfemAAAAAA==,Senior Full-stack (React+Python) Developer,Intellias,,,ES,False,A tiempo completo,,,,,"Senior FullStack Developer (Python/React) Location: Remote from Spain (Spanish employment contract) Our client is a fast-growing startup that is on a mission to change the deskless work experience. They created a management platform that allows to easily manage all operations, from scheduling to payroll. Product includes various features: scheduling and time tracking, task management, communication management, chat, knowledge base, help desk, HR & people management, recognition & rewards, docume...",https://es.jooble.org/rjdp/4863948868573259630?utm_campaign=google_jobs_apply&utm_source=google_jobs_apply&utm_medium=organic,,Jooble,,[],,,https://www.google.com/search?q=jobs&gl=es&hl=es&udm=8#vhid=vt%3D20/docid%3D8lZ7DxwTGbLoCfemAAAAAA%3D%3D&vssid=jobs-detail-viewer,
u5d9zygtP441qQARAAAAAA==,Programador / a Python / API Gateways - REMOTO,METRICA,,,ES,False,A tiempo completo,,,,,"Somos M√©trica Consulting, una consultora de negocio, integraci√≥n de sistemas, servicios y soluciones IT, comprometida con la Sociedad de la informaci√≥n y el desarrollo tecnol√≥gico, cuyos objetivos son un continuo crecimiento y convertirnos, para nuestros clientes, en un partner de negocio y tecnolog√≠a cada d√≠a m√°s s√≥lido. Actualmente estamos en b√∫squeda de un / a Programador / a Python con API Gateways para un importante proyecto en el Sector Bancario. ¬øQu√© buscamos? ‚Ä¢ Desarrollador Python con e...",https://es.talent.com/view?id=4edc3cd1be6f&utm_campaign=google_jobs_apply&utm_source=google_jobs_apply&utm_medium=organic,,Talent.com,,[],,,https://www.google.com/search?q=jobs&gl=es&hl=es&udm=8#vhid=vt%3D20/docid%3Du5d9zygtP441qQARAAAAAA%3D%3D&vssid=jobs-detail-viewer,
2IHdO3EJeN6W8H8eAAAAAA==,Senior Fullstack Engineer ‚Äî Python + React | Remote,Medium,Granada,Granada,ES,False,A tiempo completo,,,,,"A leading software consultancy is seeking a Full Stack Software Developer to join its team in Spain. The ideal candidate will have over 5 years of experience and strong skills in Python and JavaScript. You'll be responsible for developing high-quality applications and collaborating with product partners to enhance project outcomes. Enjoy competitive compensation, flexible hours, and opportunities for professional growth in a dynamic work environment. #J-18808-Ljbffr",https://es.jooble.org/jdp/2820793416485770679?utm_campaign=google_jobs_apply&utm_source=google_jobs_apply&utm_medium=organic,,Jooble,,[],,,https://www.google.com/search?q=jobs&gl=es&hl=es&udm=8#vhid=vt%3D20/docid%3D2IHdO3EJeN6W8H8eAAAAAA%3D%3D&vssid=jobs-detail-viewer,
zaHbOYLQDrCfCmtzAAAAAA==,Programador / a Python / API Gateways - REMOTO,METRICA,Marz√°n,Le√≥n,ES,False,A tiempo completo,,,,,"Somos M√©trica Consulting, una consultora de negocio, integraci√≥n de sistemas, servicios y soluciones IT, comprometida con la Sociedad de la informaci√≥n y el desarrollo tecnol√≥gico, cuyos objetivos son un continuo crecimiento y convertirnos, para nuestros clientes, en un partner de negocio y tecnolog√≠a cada d√≠a m√°s s√≥lido. Actualmente estamos en b√∫squeda de un / a Programador / a Python con API Gateways para un importante proyecto en el Sector Bancario. ¬øQu√© buscamos? ‚Ä¢ Desarrollador Python con e...",https://es.talent.com/view?id=20e8896cd2bf&utm_campaign=google_jobs_apply&utm_source=google_jobs_apply&utm_medium=organic,,Talent.com,,[],,,https://www.google.com/search?q=jobs&gl=es&hl=es&udm=8#vhid=vt%3D20/docid%3DzaHbOYLQDrCfCmtzAAAAAA%3D%3D&vssid=jobs-detail-viewer,
